time/total_timesteps,time/fps,time/time_elapsed,time/iterations,train/n_updates,train/clip_fraction,train/entropy_loss,train/loss,train/clip_range,rollout/ep_len_mean,train/approx_kl,train/policy_gradient_loss,train/learning_rate,train/std,train/value_loss,train/explained_variance,rollout/ep_rew_mean
256,239,1,1,,,,,,,,,,,,,
512,230,2,2,4920,0.1671875,-14.460209631919861,-0.015969781205058098,0.2,271.0,0.013374624,-0.022542309807613493,0.0003,1.0367740392684937,0.008670478267595172,0.9908760720863938,0.23967552
768,226,3,3,4930,0.056640625,-14.470653653144836,0.1452971249818802,0.2,313.0,0.010638041,-0.007293447433039546,0.0003,1.0382505655288696,0.6002995273098349,0.7989142537117004,3.59618
1024,224,4,4,4940,0.04375,-14.488143968582154,0.16030168533325195,0.2,247.5,0.005575453,-0.007889481144957244,0.0003,1.0394669771194458,0.9178456895053386,0.9331095889210701,27.260658
1280,223,5,5,4950,0.019140625,-14.493409347534179,201.32264709472656,0.2,243.8,0.0050045648,-0.006637672358192503,0.0003,1.0396559238433838,311.0415205001831,0.10182809829711914,21.419296
1536,222,6,6,4960,0.08203125,-14.496615076065064,0.051632270216941833,0.2,252.16666666666666,0.01756852,-0.010665932693518699,0.0003,1.040614128112793,1.3725979506969452,0.7137488424777985,16.864016
1792,222,8,7,4970,0.095703125,-14.501731348037719,0.1454954743385315,0.2,252.16666666666666,0.011124503,-0.014598668063990771,0.0003,1.039513349533081,0.4498816096223891,0.9740596935153008,16.864016
2048,221,9,8,4980,0.153515625,-14.479686713218689,-0.0031002145260572433,0.2,260.57142857142856,0.01353011,-0.0164423551177606,0.0003,1.0367048978805542,0.17570665292441845,0.9511989802122116,14.550714
2304,221,10,9,4990,0.1734375,-14.451685810089112,0.084250807762146,0.2,268.375,0.017245576,-0.0239709070767276,0.0003,1.034067988395691,0.27310176827013494,0.9684474878013134,12.956843
2560,221,11,10,5000,0.09765625,-14.436262369155884,-0.0027753300964832306,0.2,271.3333333333333,0.011000702,-0.015191558748483658,0.0003,1.0333607196807861,0.3322557099163532,0.9401630163192749,10.910292
2816,221,12,11,5010,0.15234375,-14.433373713493348,0.06356043368577957,0.2,279.8,0.0167775,-0.017326770653016865,0.0003,1.0330286026000977,0.5267137367278337,0.9059330299496651,10.446751
3072,220,13,12,5020,0.1140625,-14.434204840660096,0.05536793917417526,0.2,277.90909090909093,0.014543151,-0.015271954750642181,0.0003,1.0333601236343384,0.6282741073518991,0.9067553877830505,8.571763
3328,220,15,13,5030,0.127734375,-14.442513227462769,0.11174961924552917,0.2,277.90909090909093,0.014137174,-0.010890948469750583,0.0003,1.0346848964691162,0.74998276270926,0.7597164809703827,8.571763
3584,221,16,14,5040,0.291015625,-14.44283368587494,-0.0580240935087204,0.2,281.5833333333333,0.021256555,-0.038587488466873765,0.0003,1.0321295261383057,0.046937250928021965,0.9805805254727602,7.7534833
3840,221,17,15,5050,0.148046875,-14.41529667377472,0.07375545054674149,0.2,281.5833333333333,0.014699625,-0.017727040860336274,0.0003,1.0299479961395264,0.2036773469299078,0.9641355983912945,7.7534833
4096,221,18,16,5060,0.14765625,-14.400897884368897,0.07352802157402039,0.2,277.57142857142856,0.015596241,-0.011328400089405477,0.0003,1.0295361280441284,1.9094514824450015,-0.2800203561782837,14.944282
4352,221,19,17,5070,0.0015625,-14.400453639030456,243.93045043945312,0.2,281.6666666666667,0.0027571868,-0.0022941049886867405,0.0003,1.0295377969741821,314.83131914138795,0.005502104759216309,14.2609
4608,219,21,18,5080,0.13515625,-14.408869791030884,0.40403860807418823,0.2,285.4375,0.012788461,-0.01835658196359873,0.0003,1.032069444656372,0.8757362183183431,0.8706968873739243,13.808654
4864,217,22,19,5090,0.16875,-14.422824048995972,0.10928233712911606,0.2,285.4375,0.013799064,-0.020697371708229183,0.0003,1.0314861536026,0.5309374567121268,0.8929564505815506,13.808654
5120,216,23,20,5100,0.136328125,-14.405242085456848,-0.018765408545732498,0.2,288.7647058823529,0.015163817,-0.017482377891428768,0.0003,1.0295847654342651,0.06745840930379927,0.900245301425457,13.296654
5376,217,24,21,5110,0.233984375,-14.390006113052369,0.03833974152803421,0.2,290.94444444444446,0.022454266,-0.031439118983689694,0.0003,1.0293867588043213,0.2586919550783932,0.9595504999160767,12.894149
5632,216,26,22,5120,0.1671875,-14.392648243904114,0.1332118958234787,0.2,278.75,0.014070474,-0.01692189839668572,0.0003,1.0307557582855225,0.34243570640683174,0.925689235329628,16.531115
5888,216,27,23,5130,0.015234375,-14.406897139549255,103.34791564941406,0.2,278.57142857142856,0.0053127054,-0.00739367282949388,0.0003,1.0312440395355225,312.13444538116454,0.06701648235321045,15.654666
6144,215,28,24,5140,0.093359375,-14.408801579475403,0.10144734382629395,0.2,278.57142857142856,0.015451448,-0.017751446948386727,0.0003,1.031606912612915,0.7107239440083504,0.8490743488073349,15.654666
6400,215,29,25,5150,0.219921875,-14.393995547294617,0.0008638575673103333,0.2,280.8636363636364,0.019491125,-0.02631113133393228,0.0003,1.0270787477493286,0.1140018105506897,0.977333189919591,15.1106415
6656,215,30,26,5160,0.17265625,-14.358603024482727,0.04745054990053177,0.2,271.7916666666667,0.014527423,-0.018060583528131245,0.0003,1.0271360874176025,0.2601984262466431,0.9634436257183552,17.914366
6912,215,32,27,5170,0.036328125,-14.370171809196473,185.91021728515625,0.2,273.56,0.0075505706,-0.006309092557057738,0.0003,1.0277578830718994,303.66827602386473,0.10339760780334473,17.136314
7168,215,33,28,5180,0.150390625,-14.373846673965454,0.15572479367256165,0.2,275.15384615384613,0.017304724,-0.0199583241250366,0.0003,1.028348684310913,0.3305307152681053,0.9857952734455466,16.70315
7424,216,34,29,5190,0.17265625,-14.382239603996277,0.1148964986205101,0.2,258.75,0.018044386,-0.014997140411287547,0.0003,1.0283565521240234,0.30823087487369777,0.9618840590119362,17.292303
7680,216,35,30,5200,0.09453125,-14.377705550193786,108.94937133789062,0.2,260.3103448275862,0.0129580395,-0.016928789857774972,0.0003,1.0280479192733765,383.73083038330077,0.022634804248809814,16.570948
7936,216,36,31,5210,0.16015625,-14.374482440948487,0.028554264456033707,0.2,261.8,0.017051503,-0.026884878589771687,0.0003,1.0273336172103882,0.5009586965665221,0.9763127081096172,15.834974
8192,216,37,32,5220,0.1984375,-14.369353699684144,0.0031757354736328125,0.2,262.258064516129,0.018955408,-0.02270385534502566,0.0003,1.0273728370666504,0.1984035502653569,0.9733768794685602,15.350725
8448,216,39,33,5230,0.1359375,-14.358265352249145,0.08982662111520767,0.2,262.53125,0.01325147,-0.016742216708371414,0.0003,1.023071050643921,0.12603925773873925,0.9769912511110306,14.774347
8704,216,40,34,5240,0.095703125,-14.320403957366944,0.02587711066007614,0.2,262.53125,0.010593512,-0.010863208607770503,0.0003,1.0212351083755493,0.3564903711900115,0.9009784385561943,14.774347
8960,216,41,35,5250,0.1109375,-14.292958188056947,-0.015796439722180367,0.2,263.8787878787879,0.011544426,-0.01850577462464571,0.0003,1.016688585281372,0.0734897410031408,0.9826323837041855,14.350764
9216,215,42,36,5260,0.19296875,-14.264090967178344,-0.003885094076395035,0.2,258.0,0.014339459,-0.02119108891347423,0.0003,1.0172243118286133,0.08041177478153258,0.9788143262267113,12.053832
9472,215,44,37,5270,0.094140625,-14.272475290298463,32.79137420654297,0.2,253.54054054054055,0.013625897,-0.011599774356000125,0.0003,1.0171884298324585,83.98274216651916,0.024751722812652588,9.9509735
9728,215,45,38,5280,0.091796875,-14.265694570541381,29.879135131835938,0.2,247.48717948717947,0.015413089,-0.017344171903096138,0.0003,1.0166709423065186,70.65949006080628,-0.028759241104125977,7.936421
9984,215,46,39,5290,0.08671875,-14.262843203544616,18.778812408447266,0.2,248.175,0.016559582,-0.01468051231931895,0.0003,1.0165354013442993,64.38394696712494,0.10643231868743896,7.724841
10240,214,47,40,5300,0.180859375,-14.262419629096986,0.0011282861232757568,0.2,242.97619047619048,0.017306251,-0.018428766122087836,0.0003,1.0163782835006714,0.4198374532163143,0.9438714496791363,9.6298275
10496,214,48,41,5310,0.033984375,-14.261285948753358,98.13180541992188,0.2,242.09302325581396,0.007283915,-0.00962744674179703,0.0003,1.0160837173461914,365.83925647735595,-0.057889580726623535,9.324528
10752,214,50,42,5320,0.10234375,-14.263540768623352,0.09950187057256699,0.2,242.22727272727272,0.01640074,-0.013465221307706087,0.0003,1.0172744989395142,0.8425312716513872,0.27130961418151855,9.061855
11008,214,51,43,5330,0.22734375,-14.28035373687744,0.012206215411424637,0.2,242.17777777777778,0.015904317,-0.027688623836729674,0.0003,1.0196001529693604,0.3131316488608718,0.9385656677186489,8.849218
11264,215,52,44,5340,0.245703125,-14.30548050403595,-0.04043982923030853,0.2,242.0,0.017696373,-0.026362389605492354,0.0003,1.0222965478897095,0.13860427704639733,0.9741723202168941,8.59609
11520,215,53,45,5350,0.151953125,-14.32269208431244,-0.0031477175652980804,0.2,241.27659574468086,0.013130872,-0.015626949549186975,0.0003,1.0238330364227295,0.08780749416910112,0.9809242598712444,8.296706
11776,215,54,46,5360,0.105859375,-14.319111275672913,0.06803146749734879,0.2,240.29166666666666,0.011884392,-0.008198806107975543,0.0003,1.021173357963562,0.16116583375260235,0.9421170130372047,8.0065565
12032,215,55,47,5370,0.206640625,-14.292510795593262,0.09016284346580505,0.2,241.12244897959184,0.026970325,-0.0190551383420825,0.0003,1.0196930170059204,0.6655297592282295,0.8975149840116501,7.8299646
12288,215,56,48,5380,0.149609375,-14.282466793060303,0.033972568809986115,0.2,243.46,0.009673981,-0.019909391109831632,0.0003,1.0189745426177979,0.21776284528896211,0.9649142101407051,7.858106
12544,215,58,49,5390,0.110546875,-14.270214867591857,0.2085435539484024,0.2,241.64705882352942,0.010139747,-0.01659995033405721,0.0003,1.0170962810516357,1.53326775431633,0.8512310981750488,7.564785
12800,215,59,50,5400,0.162890625,-14.257070469856263,0.1551569700241089,0.2,238.16981132075472,0.0142270615,-0.01673957274761051,0.0003,1.01706862449646,2.242519973963499,0.4149847626686096,9.116797
13056,216,60,51,5410,0.011328125,-14.261445927619935,103.4983139038086,0.2,234.9090909090909,0.0049789874,-0.005903667956590653,0.0003,1.0172500610351562,311.5604130744934,0.08967733383178711,7.841312
13312,215,61,52,5420,0.00546875,-14.262668371200562,40.9802131652832,0.2,234.91071428571428,0.003910456,-0.006081096874549985,0.0003,1.017695665359497,98.80783820152283,-0.15774059295654297,7.6059155
13568,215,63,53,5430,0.114453125,-14.267335224151612,0.24815942347049713,0.2,236.01754385964912,0.010023795,-0.01697327442234382,0.0003,1.01811945438385,0.6658106260001659,0.8137529343366623,7.447803
13824,215,64,54,5440,0.221875,-14.266349792480469,0.07247157394886017,0.2,235.06896551724137,0.020302258,-0.03068549290765077,0.0003,1.0175644159317017,0.7393509324640035,0.8612671345472336,7.161355
14080,215,65,55,5450,0.150390625,-14.26523118019104,0.8949201703071594,0.2,232.86666666666667,0.010935884,-0.014076086995191871,0.0003,1.0185163021087646,1.7922757975757122,0.42198359966278076,8.566303
14336,215,66,56,5460,0.009375,-14.27346591949463,57.69769287109375,0.2,234.01639344262296,0.0045341942,-0.004835175862535834,0.0003,1.0188767910003662,302.15029220581056,0.10190391540527344,8.393704
14592,215,67,57,5470,0.227734375,-14.272358679771424,0.18670623004436493,0.2,235.16129032258064,0.026309546,-0.03463957207277417,0.0003,1.01875901222229,0.6221400020644069,0.8979885429143906,8.251813
14848,215,68,58,5480,0.220703125,-14.269597220420838,0.04100694879889488,0.2,235.16129032258064,0.022967162,-0.02682317984290421,0.0003,1.0185966491699219,0.3950047859922051,0.9111511632800102,8.251813
15104,215,70,59,5490,0.141796875,-14.275445199012756,-0.008184102363884449,0.2,233.9375,0.013320638,-0.01882450538687408,0.0003,1.0208848714828491,0.12260483459976967,0.8970218673348427,7.258996
15360,215,71,60,5500,0.031640625,-14.29305396080017,24.06942367553711,0.2,232.24242424242425,0.006780022,-0.008799697877839208,0.0003,1.021651029586792,84.69353885650635,-0.08263885974884033,8.505666
15616,215,72,61,5510,0.00078125,-14.295942091941834,222.5497589111328,0.2,232.24242424242425,0.00159177,-0.0033323509152978657,0.0003,1.021662950515747,333.49256057739257,0.0383683443069458,8.505666
15872,215,73,62,5520,0.153125,-14.302789902687072,-0.01413147896528244,0.2,231.13235294117646,0.015149947,-0.020848423265852033,0.0003,1.0235835313796997,0.08808776312507689,0.9463370591402054,7.512944
16128,215,74,63,5530,0.07578125,-14.315020823478699,41.10002899169922,0.2,231.82608695652175,0.014100429,-0.019219370745122432,0.0003,1.0238784551620483,82.89744148254394,0.024722754955291748,7.336978
16384,215,76,64,5540,0.1421875,-14.308034229278565,0.25254011154174805,0.2,233.25714285714287,0.019567566,-0.020711440895684063,0.0003,1.0221805572509766,1.1063107572495938,0.35751885175704956,7.2472477
16640,215,77,65,5550,0.124609375,-14.292071795463562,0.03599041700363159,0.2,234.0281690140845,0.013966306,-0.021405116748064758,0.0003,1.0201586484909058,0.5774045955389738,0.8695290386676788,7.097696
16896,215,78,66,5560,0.1640625,-14.272027325630187,0.09093636274337769,0.2,234.0281690140845,0.013667669,-0.01818408299004659,0.0003,1.0186173915863037,0.5508197542279959,0.7542535215616226,7.097696
17152,215,79,67,5570,0.108984375,-14.261216807365418,-0.027418414130806923,0.2,230.14864864864865,0.009912096,-0.015321690426208078,0.0003,1.0172160863876343,0.1016471111215651,0.9827559199184179,5.4780703
17408,215,80,68,5580,0.008203125,-14.25812041759491,92.68930053710938,0.2,231.29333333333332,0.0048300754,-0.008438301982823759,0.0003,1.0166866779327393,161.42274951934814,-0.06811356544494629,5.39788
17664,215,81,69,5590,0.105078125,-14.254969453811645,0.022101569920778275,0.2,232.0,0.014366938,-0.018431370705366136,0.0003,1.016117811203003,0.25978008676320313,0.9562129899859428,5.262199
17920,215,83,70,5600,0.161328125,-14.252147889137268,0.02606901153922081,0.2,229.57142857142858,0.018696003,-0.021476016868837176,0.0003,1.0163902044296265,0.36419614460319283,0.7970188558101654,6.490075
18176,215,84,71,5610,0.048046875,-14.255891370773316,109.0315933227539,0.2,230.55128205128204,0.00854753,-0.0020733246579766273,0.0003,1.0165735483169556,271.78451976776125,0.04083216190338135,6.3609867
18432,215,85,72,5620,0.21328125,-14.25529477596283,0.11026956886053085,0.2,231.41772151898735,0.02786229,-0.030489609926007688,0.0003,1.016176700592041,0.24615522138774396,0.9593334496021271,6.247449
18688,216,86,73,5630,0.1578125,-14.257874822616577,0.04339968413114548,0.2,229.7283950617284,0.014408591,-0.024613406299613415,0.0003,1.01785147190094,0.19816048326902092,0.9336634501814842,7.2752333
18944,216,87,74,5640,0.081640625,-14.276900386810302,172.3186798095703,0.2,227.85542168674698,0.010717414,-0.008262671111151577,0.0003,1.0184547901153564,327.22998847961424,0.07160162925720215,6.426424
19200,215,88,75,5650,0.01875,-14.280173850059509,14.214578628540039,0.2,225.75,0.006576704,-0.0086695616832003,0.0003,1.019005537033081,87.68716654777526,0.0046166181564331055,7.53885
19456,215,90,76,5660,0.018359375,-14.283768248558044,13.694618225097656,0.2,226.6705882352941,0.0055953106,-0.00769212325103581,0.0003,1.0189586877822876,298.72478423118594,0.0015174150466918945,7.4045777
19712,215,91,77,5670,0.11171875,-14.289648461341859,0.0398745983839035,0.2,227.36046511627907,0.0123500405,-0.009571019397117197,0.0003,1.0205961465835571,0.19903757963329555,0.9784691631793976,7.2648754
19968,215,92,78,5680,0.145703125,-14.298021030426025,0.012544345110654831,0.2,227.98850574712642,0.011321257,-0.017967673169914634,0.0003,1.0206081867218018,0.17155414298176766,0.9838012848049402,7.0908513
20224,215,93,79,5690,0.154296875,-14.290834331512452,0.028795693069696426,0.2,227.4659090909091,0.020842731,-0.020456897933036088,0.0003,1.018617868423462,0.33742545507848265,0.8865047916769981,6.895886
20480,215,95,80,5700,0.14921875,-14.268444275856018,0.7974312901496887,0.2,228.02247191011236,0.018341396,-0.012303927610628308,0.0003,1.0169624090194702,3.4086465358734133,0.02764683961868286,6.7391133
20736,215,96,81,5710,0.25,-14.259687137603759,-0.02453926019370556,0.2,226.42857142857142,0.017995853,-0.027443436672911048,0.0003,1.0164462327957153,0.049476300040259956,0.9933651913888752,7.6239843
20992,215,97,82,5720,0.03203125,-14.257320117950439,101.01565551757812,0.2,225.03225806451613,0.006422992,-0.01032690186984837,0.0003,1.0167360305786133,308.0011106491089,0.10075139999389648,8.4616585
21248,215,98,83,5730,0.004296875,-14.2598641872406,42.510196685791016,0.2,225.29787234042553,0.002761653,-0.008058372954837977,0.0003,1.0168806314468384,290.9692304611206,0.15801477432250977,8.298863
21504,215,99,84,5740,0.156640625,-14.257233691215514,0.08406588435173035,0.2,225.76842105263157,0.018634403,-0.02722205122699961,0.0003,1.0159966945648193,1.1003989823162557,0.9695469494909048,8.14049
21760,215,100,85,5750,0.15546875,-14.252741885185241,-0.005350159481167793,0.2,224.01041666666666,0.014031321,-0.021316761383786798,0.0003,1.0163190364837646,0.22055076071992516,0.9804260209202766,7.5323296
22016,215,102,86,5760,0.159375,-14.256781244277954,0.008734166622161865,0.2,224.6326530612245,0.012483705,-0.0173952566459775,0.0003,1.0164527893066406,10.53396652918309,0.44419145584106445,7.254491
22272,215,103,87,5770,0.24375,-14.257920527458191,-0.0120479054749012,0.2,224.6326530612245,0.02263943,-0.030136251205112784,0.0003,1.0163023471832275,0.22154287258163094,0.9815534017980099,7.254491
22528,215,104,88,5780,0.19140625,-14.250578308105469,-0.03041096404194832,0.2,225.1010101010101,0.017427508,-0.021841392572969198,0.0003,1.0159059762954712,0.07287600343115627,0.9499462321400642,7.137782
22784,215,105,89,5790,0.17109375,-14.245639538764953,0.015606451779603958,0.2,225.41,0.01694428,-0.015744192665442823,0.0003,1.0152113437652588,0.15304797561839223,0.9513583332300186,6.996996
23040,215,106,90,5800,0.224609375,-14.234771513938904,-0.009003464132547379,0.2,225.55,0.018280348,-0.03861894926521927,0.0003,1.0150651931762695,0.16843602741137148,0.9692557528614998,6.9342504
23296,215,108,91,5810,0.120703125,-14.237100648880006,0.00398273766040802,0.2,221.75,0.010168443,-0.0152222023694776,0.0003,1.0155061483383179,0.11701273676007987,0.9715885482728481,7.790848
23552,215,109,92,5820,0.012890625,-14.237467074394226,146.8249969482422,0.2,223.74,0.0046515604,-0.006226241285912692,0.0003,1.0153782367706299,285.9475255966187,0.13623952865600586,6.7273574
23808,215,110,93,5830,0.13984375,-14.233031010627746,-0.01680798828601837,0.2,224.03,0.01431766,-0.022158679040148854,0.0003,1.0151803493499756,0.3333929659798741,0.9766021948307753,6.691583
24064,215,111,94,5840,0.213671875,-14.227036881446839,-0.01725470833480358,0.2,224.1,0.021597257,-0.02741746474057436,0.0003,1.0145591497421265,0.1460372877307236,0.9689946379512548,6.740027
24320,215,113,95,5850,0.25078125,-14.214104819297791,-0.0631139948964119,0.2,223.85,0.022822991,-0.02659904626198113,0.0003,1.012311339378357,0.10234228733461351,0.9754718355834484,6.721413
24576,215,114,96,5860,0.1359375,-14.19149832725525,-0.01731846295297146,0.2,220.89,0.012737341,-0.013314580311998725,0.0003,1.0109727382659912,0.14235796835273504,0.9643157459795475,6.2190094
24832,215,115,97,5870,0.072265625,-14.18328537940979,38.136802673339844,0.2,220.01,0.010925056,-0.017643320513889192,0.0003,1.0107600688934326,82.70203746557236,-0.06555342674255371,6.1164217
25088,215,116,98,5880,0.203515625,-14.184312438964843,-0.052894797176122665,0.2,220.02,0.01793883,-0.028654236020520328,0.0003,1.0106228590011597,0.08252998208627105,0.9689725004136562,6.1462693
25344,215,117,99,5890,0.176171875,-14.18250048160553,-0.019191401079297066,0.2,213.06,0.019839153,-0.018086332827806473,0.0003,1.0123308897018433,0.09485246138647199,0.9522781148552895,6.494862
25600,215,118,100,5900,0.085546875,-14.20114061832428,170.7115478515625,0.2,215.34,0.010273929,-0.011719993094448,0.0003,1.0128804445266724,401.97122344970705,0.006803154945373535,5.4394975
25856,215,119,101,5910,0.1546875,-14.20369188785553,0.0029370319098234177,0.2,215.04,0.0133788865,-0.02097013327293098,0.0003,1.013704776763916,0.4913586490787566,0.9297234192490578,5.401884
26112,215,121,102,5920,0.145703125,-14.210426855087281,0.030656147748231888,0.2,211.86,0.015554721,-0.022386931139044462,0.0003,1.0144375562667847,0.4564802935346961,0.9184574708342552,4.8063745
26368,215,122,103,5930,0.028515625,-14.21953706741333,61.75084686279297,0.2,211.86,0.007980302,-0.01802160011138767,0.0003,1.0147955417633057,83.45417022705078,-0.4468592405319214,4.8063745
26624,215,123,104,5940,0.1578125,-14.225670218467712,-0.007521189749240875,0.2,211.78,0.015519537,-0.015985952317714693,0.0003,1.0162113904953003,0.20482517576310783,0.8950377702713013,4.788744
26880,215,124,105,5950,0.16640625,-14.240849113464355,0.0689782202243805,0.2,211.83,0.016270837,-0.02725227614864707,0.0003,1.016218662261963,0.3083261733874679,0.9098564982414246,4.811384
27136,215,126,106,5960,0.11328125,-14.23505380153656,0.03755459934473038,0.2,209.34,0.010600474,-0.018039620597846806,0.0003,1.0154361724853516,0.5154204154387116,0.7254409790039062,4.3387785
27392,215,127,107,5970,0.054296875,-14.233460474014283,217.3605194091797,0.2,209.34,0.00803009,-0.007733864604961127,0.0003,1.01564621925354,405.5545112609863,0.05423921346664429,4.3387785
27648,215,128,108,5980,0.250390625,-14.23657214641571,-0.03567087650299072,0.2,209.16,0.024451844,-0.025467771827243267,0.0003,1.016321063041687,0.27263736836612223,0.12794721126556396,4.3279896
27904,215,129,109,5990,0.14453125,-14.240377640724182,0.04146597161889076,0.2,212.04,0.015508462,-0.02195381778292358,0.0003,1.0161535739898682,0.45766486693173647,0.8150738924741745,3.3930447
28160,215,130,110,6000,0.258203125,-14.235241866111755,0.04442036151885986,0.2,211.59,0.03417462,-0.03010157246608287,0.0003,1.0162866115570068,0.34503624625504015,0.9410129301249981,3.4044907
28416,215,131,111,6010,0.117578125,-14.24240529537201,0.2633799612522125,0.2,210.24,0.016452609,-0.01356126049067825,0.0003,1.0173211097717285,1.1920894138514995,0.5213162302970886,3.2678804
28672,215,133,112,6020,0.25,-14.253788781166076,2.642151355743408,0.2,212.78,0.02357376,-0.022324730781838296,0.0003,1.0188839435577393,3.54966239631176,-0.0248415470123291,2.2361634
28928,215,134,113,6030,0.210546875,-14.26253023147583,0.031136631965637207,0.2,215.34,0.016214706,-0.024353785684797912,0.0003,1.0186651945114136,0.2165353873744607,0.9662202261388302,2.8011813
29184,215,135,114,6040,0.198828125,-14.255177617073059,0.08173584938049316,0.2,214.93,0.021273013,-0.020587545796297492,0.0003,1.0168179273605347,0.1283090145792812,0.972689300775528,2.7972577
29440,215,136,115,6050,0.16015625,-14.243558740615844,-0.0020297951996326447,0.2,212.22,0.01458946,-0.021448368555866182,0.0003,1.0161436796188354,0.3388893034309149,0.8428860753774643,3.8458347
29696,215,137,116,6060,0.015234375,-14.239830684661865,126.04785919189453,0.2,212.14,0.0053477446,-0.005880008439999074,0.0003,1.0158816576004028,320.5598706245422,0.05644869804382324,3.8906982
29952,215,138,117,6070,0.1390625,-14.243688058853149,0.03879827260971069,0.2,211.34,0.015098969,-0.018595457286573948,0.0003,1.0175440311431885,0.2604279419407248,0.9746473077684641,3.8826225
30208,215,139,118,6080,0.168359375,-14.261688685417175,0.07936409115791321,0.2,211.13,0.012342566,-0.016812025988474488,0.0003,1.0185428857803345,0.349125543795526,0.9189630001783371,3.879235
30464,215,141,119,6090,0.10703125,-14.26344428062439,0.0036943256855010986,0.2,213.91,0.008725185,-0.018093831744045018,0.0003,1.0183061361312866,0.195836277352646,0.9628272019326687,4.439163
30720,215,142,120,6100,0.147265625,-14.253023886680603,0.15346938371658325,0.2,213.54,0.012478288,-0.020700303197372705,0.0003,1.0175466537475586,1.390987642854452,0.8517280668020248,4.422689
30976,216,143,121,6110,0.201953125,-14.244211959838868,0.07446838915348053,0.2,213.54,0.017135255,-0.021513231960125268,0.0003,1.01730215549469,0.3593073390424252,0.9619576930999756,4.422689
31232,216,144,122,6120,0.162109375,-14.244208645820617,-0.00458923727273941,0.2,215.96,0.0154616255,-0.020288051292300224,0.0003,1.017345666885376,0.20243149446323513,0.9425216130912304,4.9666386
31488,216,145,123,6130,0.1546875,-14.238737225532532,0.1261628270149231,0.2,215.96,0.014360078,-0.020155646943021566,0.0003,1.0175739526748657,0.8275365855544805,0.8754647970199585,4.9666386
31744,216,146,124,6140,0.130859375,-14.233955454826354,0.02002399042248726,0.2,218.61,0.01331919,-0.01089045531116426,0.0003,1.0159080028533936,0.31314502749592066,0.9341100677847862,5.4647865
32000,216,147,125,6150,0.2453125,-14.226585102081298,0.026819519698619843,0.2,218.89,0.017570283,-0.026372513850219548,0.0003,1.0161975622177124,0.16769996024668216,0.9740114156156778,5.458346
32256,216,149,126,6160,0.168359375,-14.231817293167115,0.028407525271177292,0.2,219.56,0.014112137,-0.024283487565116956,0.0003,1.0156093835830688,0.2522505545988679,0.9420290663838387,5.4725995
32512,216,150,127,6170,0.24609375,-14.218955707550048,-0.007882906123995781,0.2,218.1,0.015756832,-0.031966199865564704,0.0003,1.013041377067566,0.13134276042692364,0.9642419442534447,6.4872804
32768,216,151,128,6180,0.0734375,-14.19752233028412,356.3735656738281,0.2,218.1,0.009303197,-0.010966460756026208,0.0003,1.012130856513977,638.2482421875,0.08520346879959106,6.4872804
33024,216,152,129,6190,0.112109375,-14.192662119865417,0.03501100093126297,0.2,219.01,0.014238175,-0.017912470502778888,0.0003,1.0115551948547363,0.3988449167460203,0.8766873329877853,6.5512776
33280,216,153,130,6200,0.23125,-14.181475639343262,0.15053066611289978,0.2,219.36,0.01853906,-0.033510998997371644,0.0003,1.0102721452713013,0.33734805751591923,0.94087940081954,6.5800533
33536,216,155,131,6210,0.19765625,-14.179511618614196,0.041969601064920425,0.2,220.58,0.015057143,-0.023761709802784026,0.0003,1.0117061138153076,0.48975658174604175,0.8647752851247787,6.78112
33792,216,156,132,6220,0.1796875,-14.190730500221253,0.06079374998807907,0.2,220.28,0.025911553,-0.019849069090560077,0.0003,1.0103223323822021,0.46015907265245914,0.9260867014527321,6.7867284
34048,216,157,133,6230,0.35,-14.174299120903015,1.8669778108596802,0.2,217.73,0.03946239,-0.033770623384043574,0.0003,1.01022207736969,3.567084774374962,-0.01788008213043213,7.78729
34304,216,158,134,6240,0.029296875,-14.181348943710328,169.5232391357422,0.2,219.5,0.007725332,-0.009780440689064562,0.0003,1.0106236934661865,314.29312934875486,0.11957806348800659,7.902829
34560,216,159,135,6250,0.2078125,-14.183146095275879,0.08169890940189362,0.2,219.55,0.017427733,-0.023588801501318812,0.0003,1.0103474855422974,0.4742557559162378,0.9382633604109287,7.9700556
34816,216,160,136,6260,0.09296875,-14.178498005867004,0.2081681787967682,0.2,219.55,0.019742755,-0.009871023567393422,0.0003,1.0093251466751099,1.19944688975811,0.6818277835845947,7.9700556
35072,216,162,137,6270,0.166015625,-14.174650764465332,-0.03828161954879761,0.2,222.42,0.014678692,-0.026135308761149646,0.0003,1.0093886852264404,0.08290647834073753,0.9109712615609169,6.9851904
35328,216,163,138,6280,0.135546875,-14.185455942153931,-0.0026707053184509277,0.2,222.82,0.011189736,-0.02087693209759891,0.0003,1.011183500289917,0.274761282838881,0.9657026082277298,6.963686
35584,216,164,139,6290,0.129296875,-14.200415563583373,0.11415404826402664,0.2,225.41,0.009488451,-0.022414035024121405,0.0003,1.0106863975524902,0.36118555869907143,0.9243315756320953,7.535568
35840,216,165,140,6300,0.23203125,-14.189584636688233,0.12798506021499634,0.2,225.78,0.018305292,-0.019648213614709677,0.0003,1.010542869567871,0.2753175197169185,0.9623276926577091,7.57029
36096,216,166,141,6310,0.1578125,-14.193735313415527,0.05340639501810074,0.2,225.91,0.014006244,-0.014277916145510971,0.0003,1.0114692449569702,0.4514684498310089,0.8813828304409981,7.5859346
36352,216,167,142,6320,0.13984375,-14.200670051574708,0.10851772874593735,0.2,225.91,0.011933612,-0.017905331728979946,0.0003,1.0116002559661865,0.7708360537886619,0.9092703089118004,7.5859346
36608,216,169,143,6330,0.136328125,-14.196207857131958,0.010666869580745697,0.2,227.33,0.016112007,-0.013094138528686017,0.0003,1.0112017393112183,0.09610857719089835,0.9536697007715702,7.7303944
36864,216,170,144,6340,0.226171875,-14.198672723770141,0.009714148938655853,0.2,227.25,0.024035662,-0.016687881259713322,0.0003,1.012192726135254,0.17251791229937224,0.95091537758708,7.8148937
37120,216,171,145,6350,0.2375,-14.20604465007782,0.047451816499233246,0.2,226.96,0.024088219,-0.026910788740497082,0.0003,1.0115275382995605,0.24233388174325227,0.9517538249492645,6.276116
37376,216,172,146,6360,0.044921875,-14.199265122413635,46.25693893432617,0.2,226.89,0.010029949,-0.013895661989226937,0.0003,1.011051893234253,88.80499548912049,0.020847320556640625,6.295957
37632,216,173,147,6370,0.091796875,-14.197583889961242,-0.003603816032409668,0.2,226.57,0.011618804,-0.0194048288743943,0.0003,1.0112063884735107,0.15241616168059408,0.967007327824831,6.2755294
37888,216,174,148,6380,0.2140625,-14.200451588630676,0.00868130847811699,0.2,228.98,0.013122689,-0.02706450466066599,0.0003,1.0115792751312256,0.10877120615914464,0.9680410921573639,6.7341533
38144,216,175,149,6390,0.229296875,-14.187354969978333,-0.01974676176905632,0.2,226.33,0.013782749,-0.025781135237775744,0.0003,1.0070098638534546,0.02291161521570757,0.9924124176613986,7.7647524
38400,216,177,150,6400,0.011328125,-14.149538469314574,72.86763000488281,0.2,229.09,0.004138223,-0.001439112110529095,0.0003,1.0054327249526978,309.5123268842697,-0.019579529762268066,6.8705
38656,216,178,151,6410,0.208984375,-14.136057448387145,0.028070732951164246,0.2,228.66,0.01283559,-0.028268254757858814,0.0003,1.0030196905136108,0.17584308050572872,0.9735370613634586,6.8737807
38912,216,179,152,6420,0.11953125,-14.119703984260559,0.032024726271629333,0.2,230.91,0.014908485,-0.011860891454853117,0.0003,1.0031126737594604,0.44692469500005244,0.8608755618333817,7.35867
39168,216,180,153,6430,0.134375,-14.127719593048095,0.013728335499763489,0.2,230.99,0.011255017,-0.011882382398471236,0.0003,1.004126787185669,0.14783098120242358,0.960436224937439,7.3865137
39424,216,181,154,6440,0.16796875,-14.136124324798583,-0.010169021785259247,0.2,230.87,0.011587787,-0.018667663168162107,0.0003,1.0056183338165283,0.07865976789034904,0.9868063880130649,7.4269667
39680,216,182,155,6450,0.1203125,-14.139452362060547,0.06732948869466782,0.2,230.87,0.011770706,-0.01240001074038446,0.0003,1.0046436786651611,0.47815709561109543,0.9269678965210915,7.4269667
39936,216,184,156,6460,0.172265625,-14.139732599258423,-0.018224066123366356,0.2,230.85,0.010475814,-0.01812625490128994,0.0003,1.006555438041687,0.025729702296666802,0.987457187846303,7.4520526
40192,217,185,157,6470,0.176953125,-14.15903353691101,-0.016191327944397926,0.2,230.84,0.011858648,-0.017228822945617138,0.0003,1.0087072849273682,0.10457808128558099,0.9659266509115696,7.4588566
40448,217,186,158,6480,0.149609375,-14.170360684394836,0.03076758235692978,0.2,233.88,0.01174757,-0.014473598496988416,0.0003,1.0083273649215698,0.10974319335073232,0.9780942257493734,8.072734
40704,217,187,159,6490,0.08203125,-14.16255738735199,0.020929008722305298,0.2,233.88,0.011197419,-0.011005428445059806,0.0003,1.0079892873764038,0.5554588357917964,0.8912641555070877,8.072734
40960,217,188,160,6500,0.153515625,-14.160162901878357,0.018043022602796555,0.2,236.76,0.012560573,-0.020768144563771785,0.0003,1.0073800086975098,0.2596997652202845,0.9374947249889374,8.656181
41216,217,189,161,6510,0.163671875,-14.154927492141724,-0.0007932446897029877,0.2,234.49,0.012110187,-0.02354326469358057,0.0003,1.006819248199463,0.056486340309493246,0.9475408755242825,9.754574
41472,217,191,162,6520,0.044921875,-14.15323338508606,87.59479522705078,0.2,237.38,0.010517474,-0.011641426081769168,0.0003,1.0067435503005981,314.95462741851804,0.08414679765701294,8.798492
41728,217,192,163,6530,0.171484375,-14.150311923027038,-0.00136595219373703,0.2,236.91,0.012948605,-0.02226474186172709,0.0003,1.0059536695480347,0.21024733604863285,0.9802372977137566,8.866187
41984,217,193,164,6540,0.159765625,-14.140597558021545,0.6535477638244629,0.2,236.91,0.024864864,-0.0169490349246189,0.0003,1.0046446323394775,2.182577182352543,0.4296310544013977,8.866187
42240,217,194,165,6550,0.105078125,-14.13316731452942,-0.0022813044488430023,0.2,237.27,0.011097416,-0.011131897964514793,0.0003,1.0047249794006348,0.452041651494801,0.9460787810385227,9.001868
42496,217,195,166,6560,0.198828125,-14.127548313140869,0.10595612227916718,0.2,238.51,0.012829784,-0.024655718728899954,0.0003,1.0033791065216064,0.17288516452535987,0.9767831824719906,9.299681
42752,217,196,167,6570,0.076953125,-14.113719916343689,0.07162529975175858,0.2,238.51,0.015791038,-0.014663550327531994,0.0003,1.0031144618988037,1.1671585118398071,0.8258634209632874,9.299681
43008,217,198,168,6580,0.117578125,-14.112142729759217,0.0014878753572702408,0.2,241.97,0.017853532,-0.014610597817227244,0.0003,1.0023282766342163,0.4606964815407991,0.897245928645134,8.54355
43264,217,199,169,6590,0.118359375,-14.100988864898682,0.046327538788318634,0.2,242.53,0.019670758,-0.02148116162279621,0.0003,1.0016993284225464,0.42231616005301476,0.9264714494347572,8.661489
43520,217,200,170,6600,0.142578125,-14.09388747215271,0.09243497997522354,0.2,245.54,0.019924281,-0.015749485814012587,0.0003,0.9999418258666992,0.6340351639315486,0.8493816703557968,9.216791
43776,217,201,171,6610,0.25,-14.070422315597535,0.03932901471853256,0.2,245.54,0.018092256,-0.025035356148146094,0.0003,0.9972470998764038,0.16324633751064538,0.9788514524698257,9.216791
44032,217,202,172,6620,0.184375,-14.025370717048645,-0.01861700974404812,0.2,248.28,0.012140676,-0.01966302751097828,0.0003,0.9907417297363281,0.02660274556837976,0.9908701684325933,8.27347
44288,217,203,173,6630,0.136328125,-13.97638828754425,0.029381021857261658,0.2,246.28,0.019155668,-0.017151535116136075,0.0003,0.9892648458480835,0.2063750099390745,0.9448939710855484,9.489004
44544,217,205,174,6640,0.0359375,-13.97695517539978,136.30064392089844,0.2,246.78,0.0066276286,-0.010052312375046312,0.0003,0.9894363284111023,303.12486801147463,0.11785542964935303,9.660099
44800,217,206,175,6650,0.176171875,-13.981527376174927,0.043168775737285614,0.2,247.44,0.012140691,-0.022139757010154425,0.0003,0.9905365109443665,0.20611586729064585,0.9886012254282832,9.742572
45056,217,207,176,6660,0.16484375,-13.996378636360168,1.490293025970459,0.2,244.7,0.016282698,-0.01430048276670277,0.0003,0.9915654063224792,4.32769183665514,0.12474799156188965,10.844932
45312,217,208,177,6670,0.04140625,-14.003666853904724,158.3601837158203,0.2,246.89,0.009098607,-0.013108403387013823,0.0003,0.991845428943634,300.7676601409912,0.008947789669036865,9.873429
45568,217,209,178,6680,0.18359375,-14.007580041885376,0.1726565957069397,0.2,246.89,0.026283909,-0.01971888653934002,0.0003,0.9928537607192993,0.9027077674865722,0.8546222001314163,9.873429
45824,217,210,179,6690,0.176953125,-14.007748460769653,-0.0008197948336601257,0.2,246.35,0.014435535,-0.01896269016433507,0.0003,0.9908620119094849,0.7242114851251245,0.9253756180405617,9.8941765
46080,217,212,180,6700,0.02578125,-13.98500485420227,187.6382293701172,0.2,246.35,0.0073817074,-0.006620665197260678,0.0003,0.9898489713668823,296.125049495697,0.11207598447799683,9.8941765
46336,217,213,181,6710,0.1109375,-13.968942975997924,0.035125136375427246,0.2,246.79,0.0110602025,-0.01636946394573897,0.0003,0.9860566258430481,0.5466497745364904,0.906216450035572,9.981226
46592,217,214,182,6720,0.132421875,-13.92783181667328,0.09434137493371964,0.2,249.32,0.010891856,-0.015266564930789173,0.0003,0.9838598370552063,0.619352289289236,0.942176166921854,10.498622
46848,217,215,183,6730,0.170703125,-13.918405127525329,0.10717861354351044,0.2,250.12,0.019370146,-0.016717367304954676,0.0003,0.9841855764389038,0.4928745247423649,0.9125894382596016,10.671006
47104,217,216,184,6740,0.130078125,-13.927303981781005,0.14246079325675964,0.2,250.32,0.013272006,-0.01680933574680239,0.0003,0.9856564402580261,0.4533287674188614,0.9006725251674652,10.772323
47360,217,217,185,6750,0.1609375,-13.937505292892457,0.27280399203300476,0.2,250.32,0.018149398,-0.011720954335760324,0.0003,0.986233115196228,0.7663305103778839,0.7321730554103851,10.772323
47616,217,219,186,6760,0.115234375,-13.940482091903686,0.1326635777950287,0.2,251.64,0.018886104,-0.015690837637521327,0.0003,0.9858039617538452,1.0223597705364227,0.8925597965717316,11.083104
47872,217,220,187,6770,0.14921875,-13.929169321060181,0.10409165173768997,0.2,251.97,0.017560458,-0.024350023875012995,0.0003,0.9841243028640747,1.6889852248132229,0.7072007656097412,11.143601
48128,217,221,188,6780,0.20546875,-13.914166569709778,0.18162885308265686,0.2,252.16,0.012176444,-0.019021626189351083,0.0003,0.9837174415588379,0.715729353018105,0.8774366527795792,11.196979
48384,217,222,189,6790,0.140625,-13.902297401428223,0.06807073950767517,0.2,252.16,0.00889321,-0.017144835740327834,0.0003,0.9800715446472168,0.27199056185781956,0.9524558894336224,11.196979
48640,217,223,190,6800,0.137109375,-13.876520586013793,0.020976167172193527,0.2,253.03,0.014561202,-0.023104410944506527,0.0003,0.9787279367446899,0.8556297071278095,0.8474705815315247,11.37281
48896,217,224,191,6810,0.18828125,-13.879172921180725,0.215961292386055,0.2,255.77,0.017177332,-0.02149583164136857,0.0003,0.9805535078048706,0.3068279457394965,0.8015543967485428,10.452709
49152,217,226,192,6820,0.16484375,-13.89787209033966,0.15165714919567108,0.2,253.93,0.016409922,-0.0246967724757269,0.0003,0.9815952181816101,0.5761200465261936,0.8799244686961174,11.526017
49408,217,227,193,6830,0.009765625,-13.901430249214172,156.11744689941406,0.2,254.26,0.004482027,-0.0029915275517851114,0.0003,0.9815958738327026,299.3207062721252,0.058802664279937744,11.61256
49664,217,228,194,6840,0.1546875,-13.902687263488769,0.20319370925426483,0.2,254.27,0.014246043,-0.02013445836491883,0.0003,0.9821797609329224,1.0049143463373185,0.9103299081325531,11.589914
49920,217,229,195,6850,0.176953125,-13.900350880622863,0.04468125104904175,0.2,253.95,0.01593239,-0.024004393350332977,0.0003,0.9798585176467896,0.5744185000658035,0.9453121349215508,11.615967
50176,217,230,196,6860,0.125390625,-13.877647042274475,0.8058114647865295,0.2,251.53,0.01916099,-0.008833388122729957,0.0003,0.9797230958938599,3.220238317549229,0.36588114500045776,14.16136
50432,217,231,197,6870,0.037109375,-13.881533908843995,140.3501434326172,0.2,253.07,0.0078008613,-0.011697477370034903,0.0003,0.9798312187194824,395.24149837493894,0.0706128478050232,14.529568
50688,217,233,198,6880,0.077734375,-13.880389189720153,0.44231972098350525,0.2,254.3,0.008885245,-0.017595146736130118,0.0003,0.9794514775276184,3.903596059978008,0.7528210580348969,14.995818
50944,217,234,199,6890,0.078515625,-13.874005675315857,2.0601603984832764,0.2,256.03,0.009852825,-0.015807107277214526,0.0003,0.9787800908088684,5.006401818990708,0.4658910036087036,13.932537
51200,217,235,200,6900,0.208984375,-13.873467493057252,0.7480079531669617,0.2,251.47,0.025942361,-0.015053452021675184,0.0003,0.9798761606216431,2.955718533694744,0.6557426452636719,13.443778
51456,217,236,201,6910,0.05703125,-13.877511382102966,25.68568992614746,0.2,253.41,0.006505682,-0.004312783712521195,0.0003,0.9799593091011047,113.31780900955201,-0.37442171573638916,13.9695835
51712,217,237,202,6920,0.280078125,-13.881895565986634,0.1763445883989334,0.2,252.26,0.021892691,-0.036884741438552734,0.0003,0.9808794856071472,1.2242963910102844,0.718784511089325,13.91574
51968,217,238,203,6930,0.22421875,-13.897892951965332,0.7456346750259399,0.2,249.07,0.020756925,-0.02427483124192804,0.0003,0.9839152097702026,1.898529775440693,0.5664319694042206,13.746535
52224,217,240,204,6940,0.25546875,-13.923872303962707,0.6502670645713806,0.2,249.21,0.018318862,-0.026098113600164653,0.0003,0.9843530654907227,4.211242410540581,0.5114317238330841,14.153491
52480,217,241,205,6950,0.23671875,-13.928938031196594,1.0702970027923584,0.2,252.21,0.025033437,-0.021693362039513886,0.0003,0.9863177537918091,3.197153587639332,0.23567885160446167,13.255445
52736,217,242,206,6960,0.124609375,-13.946207094192506,0.11481782793998718,0.2,253.04,0.014604907,-0.018411401938647032,0.0003,0.9875043630599976,0.9309714443981647,0.8104415833950043,13.480517
52992,217,243,207,6970,0.064453125,-13.950642848014832,0.3563065528869629,0.2,253.04,0.012130646,-0.0130059533752501,0.0003,0.9874639511108398,2.371113561093807,0.5399364829063416,13.480517
53248,217,244,208,6980,0.128125,-13.940522861480712,0.03594012185931206,0.2,253.73,0.011328514,-0.018554553901776672,0.0003,0.9849123954772949,0.37803014684468506,0.7253909409046173,13.660874
53504,217,245,209,6990,0.146484375,-13.915899658203125,0.2548110783100128,0.2,252.86,0.0159496,-0.017223026719875634,0.0003,0.9839755296707153,1.6020829737186433,0.5463645458221436,14.75979
53760,217,246,210,7000,0.01484375,-13.912848806381225,127.04121398925781,0.2,251.72,0.0053589,-0.009086832613684237,0.0003,0.9839975237846375,282.2972731590271,0.13790053129196167,14.752045
54016,217,248,211,7010,0.193359375,-13.922017645835876,1.7763389348983765,0.2,251.93,0.01961279,-0.017217191285453737,0.0003,0.9867544174194336,3.3690580502152443,0.018430471420288086,14.749368
54272,217,249,212,7020,0.137109375,-13.943207454681396,0.23358465731143951,0.2,252.3,0.0134234475,-0.024619355541653933,0.0003,0.987591564655304,1.5025035917758942,0.846935585141182,14.786038
54528,217,250,213,7030,0.168359375,-13.939378333091735,0.10207311809062958,0.2,249.89,0.011660798,-0.019092256319709122,0.0003,0.9857538342475891,0.6352247867733241,0.8943158388137817,15.783718
54784,217,251,214,7040,0.0,-13.919637775421142,155.0218963623047,0.2,250.73,0.002109015,0.0008265647571533919,0.0003,0.9849443435668945,520.1620826721191,0.11852890253067017,15.891864
55040,217,252,215,7050,0.08828125,-13.917708659172058,0.3163498640060425,0.2,251.51,0.017126419,-0.021666071750223635,0.0003,0.9848573803901672,1.5636955581605434,0.8513007462024689,15.957515
55296,217,253,216,7060,0.150390625,-13.91383683681488,0.3467375636100769,0.2,252.08,0.016361214,-0.02191583521780558,0.0003,0.9839324951171875,1.375261502712965,0.5780335962772369,16.019825
55552,217,255,217,7070,0.17109375,-13.903202843666076,0.11127178370952606,0.2,252.08,0.011836255,-0.020496227580588312,0.0003,0.9835730791091919,0.5174611587077379,0.8923663794994354,16.019825
55808,217,256,218,7080,0.210546875,-13.905669665336609,-0.023492969572544098,0.2,252.02,0.017354062,-0.024919074238277973,0.0003,0.9849096536636353,0.031834521098062396,0.9664063490927219,16.021318
56064,217,257,219,7090,0.164453125,-13.91511254310608,0.07516032457351685,0.2,252.95,0.013693662,-0.022155199968256056,0.0003,0.9866840243339539,0.482571311481297,0.9355675205588341,16.224756
56320,217,258,220,7100,0.157421875,-13.92799801826477,0.04876219108700752,0.2,251.7,0.011997199,-0.02326192574109882,0.0003,0.98667973279953,0.621472230926156,0.9175300747156143,16.16579
56576,217,259,221,7110,0.105078125,-13.931399035453797,1.9345808029174805,0.2,252.89,0.01450004,-0.010283893789164722,0.0003,0.987958550453186,5.685343950986862,0.5613157153129578,16.294304
56832,217,260,222,7120,0.241015625,-13.952183985710144,0.05721401050686836,0.2,252.89,0.018284678,-0.02844393274281174,0.0003,0.9906088709831238,0.33793639559298755,0.9474734105169773,16.294304
57088,217,261,223,7130,0.1046875,-13.971468448638916,0.03389699384570122,0.2,253.99,0.011111895,-0.011168425623327493,0.0003,0.9915682673454285,0.22008985765278338,0.9583412781357765,16.55776
57344,217,263,224,7140,0.056640625,-13.974082398414613,0.3391660451889038,0.2,252.82,0.010660509,-0.01358255830127746,0.0003,0.9923144578933716,1.2589081490412355,0.772812619805336,16.510567
57600,217,264,225,7150,0.29921875,-13.983627605438233,2.472444772720337,0.2,250.41,0.022313338,-0.022181897470727564,0.0003,0.9935176968574524,3.7926094233989716,0.00040984153747558594,16.089237
57856,217,265,226,7160,0.001953125,-13.995164895057679,39.4775390625,0.2,253.58,0.0024916527,-0.0025452828733250497,0.0003,0.9939678311347961,97.66019706726074,-0.14490556716918945,15.20909
58112,218,266,227,7170,0.209765625,-13.993859553337098,0.14689970016479492,0.2,253.58,0.021295689,-0.028334560245275496,0.0003,0.9929946064949036,0.6547139897942543,0.8729848712682724,15.20909
58368,218,267,228,7180,0.21328125,-13.99608883857727,-0.008597258478403091,0.2,256.62,0.014217085,-0.023522834735922517,0.0003,0.9952540397644043,0.10761101776733994,0.9856362827122211,14.3130245
58624,218,268,229,7190,0.27890625,-14.013927793502807,-0.012436199933290482,0.2,253.98,0.029503264,-0.032946466677822174,0.0003,0.9946619272232056,0.3985574990976602,0.9384424947202206,15.326625
58880,218,269,230,7200,0.046484375,-14.002027606964111,241.30177307128906,0.2,252.91,0.006050866,0.005392967141233385,0.0003,0.9939993023872375,317.6826623439789,-0.020500779151916504,15.176003
59136,218,271,231,7210,0.108203125,-14.000040555000306,0.7289888858795166,0.2,252.34,0.0140621625,-0.009613412781618536,0.0003,0.9941121339797974,3.515969191491604,0.13063520193099976,16.407469
59392,218,272,232,7220,0.048046875,-14.000155091285706,49.24624252319336,0.2,254.18,0.008044398,-0.008842060947790742,0.0003,0.9939811825752258,296.45533208847047,0.25789862871170044,15.4075575
59648,218,273,233,7230,0.066796875,-13.998276734352112,0.6762555837631226,0.2,254.18,0.017809574,-0.014707657182589174,0.0003,0.9941422343254089,3.033009772002697,0.6974446475505829,15.4075575
59904,218,274,234,7240,0.18359375,-13.996140122413635,0.14718830585479736,0.2,254.42,0.012342662,-0.02483472104649991,0.0003,0.9930068850517273,1.177254632115364,0.8658328950405121,15.478972
60160,218,275,235,7250,0.250390625,-13.989093327522278,0.138898104429245,0.2,255.05,0.016974322,-0.03012332522775978,0.0003,0.9932882189750671,1.0794505536556245,0.8938619196414948,15.534813
60416,218,276,236,7260,0.212109375,-13.991986656188965,0.2928391695022583,0.2,255.2,0.014123706,-0.02638685321435332,0.0003,0.9939570426940918,1.0535193346440792,0.8383468687534332,15.601147
60672,218,278,237,7270,0.231640625,-13.99528911113739,0.3259454369544983,0.2,255.2,0.018580878,-0.029322444181889295,0.0003,0.9955278635025024,0.7694094710052013,0.8499484062194824,15.601147
60928,218,279,238,7280,0.21796875,-13.99750051498413,-0.034252580255270004,0.2,255.88,0.017888721,-0.023482697503641247,0.0003,0.9935213923454285,0.09324285085313022,0.9305609613656998,15.774575
61184,218,280,239,7290,0.144140625,-13.970189380645753,0.3513597249984741,0.2,256.02,0.012143643,-0.016639394650701432,0.0003,0.991418719291687,0.8691512476652861,0.8726963251829147,15.754346
61440,218,281,240,7300,0.07578125,-13.96009874343872,0.3622802793979645,0.2,256.81,0.009516915,-0.015053429850377142,0.0003,0.9920763969421387,0.9333947625011205,0.7446800768375397,15.895252
61696,218,282,241,7310,0.10546875,-13.970065879821778,0.24338644742965698,0.2,256.81,0.019070828,-0.023383207066217437,0.0003,0.9919098615646362,0.7478720936924219,0.9141139760613441,15.895252
61952,218,283,242,7320,0.234765625,-13.964415550231934,-0.019565727561712265,0.2,257.04,0.017017368,-0.029317416436970233,0.0003,0.9900586009025574,0.083493562345393,-0.34359705448150635,15.963451
62208,218,284,243,7330,0.12578125,-13.947827410697936,0.26215940713882446,0.2,257.06,0.018734403,-0.019061283487826586,0.0003,0.9892838597297668,0.7319982517510653,0.8023435473442078,15.978965
62464,218,286,244,7340,0.175390625,-13.941460776329041,0.22294193506240845,0.2,255.96,0.021184737,-0.022653891125810333,0.0003,0.9885448217391968,0.46898452257737516,0.9376491755247116,15.831155
62720,218,287,245,7350,0.177734375,-13.947583293914795,3.5045831203460693,0.2,256.83,0.01402098,-0.01438566978322342,0.0003,0.9913890957832336,5.378513123095035,-0.059627532958984375,15.970022
62976,218,288,246,7360,0.12109375,-13.9726238489151,0.0342269092798233,0.2,259.68,0.011544881,-0.013674804742913693,0.0003,0.9928146600723267,0.3051399003714323,0.9586764648556709,16.551182
63232,218,289,247,7370,0.15390625,-13.985801911354065,0.05813955143094063,0.2,259.68,0.016644834,-0.024533229903317987,0.0003,0.9959561228752136,0.3222321543842554,0.9288626834750175,16.551182
63488,218,290,248,7380,0.177734375,-14.016534161567687,-0.03816258907318115,0.2,257.28,0.0139707,-0.02447832180187106,0.0003,0.9976398348808289,0.0963838535360992,0.9332815110683441,17.632849
63744,218,291,249,7390,0.02421875,-14.02487666606903,91.84625244140625,0.2,257.65,0.0072358055,-0.010778029845096172,0.0003,0.9979632496833801,296.85585737228394,0.08361893892288208,17.7458
64000,218,293,250,7400,0.119921875,-14.028288722038269,0.22990001738071442,0.2,260.78,0.013642453,-0.020179798919707538,0.0003,0.9989479184150696,0.7059315122663975,0.9615490101277828,16.90554
64256,218,294,251,7410,0.123046875,-14.044899129867554,0.1416737288236618,0.2,260.78,0.011882803,-0.015475140686612576,0.0003,1.0009742975234985,0.77758162394166,0.9424914382398129,16.90554
64512,218,295,252,7420,0.26484375,-14.065563988685607,-0.0025144368410110474,0.2,259.7,0.01836916,-0.028071889467537404,0.0003,1.0020009279251099,0.04284211960621178,0.8705722242593765,16.8676
64768,218,296,253,7430,0.076171875,-14.07092089653015,2.4778144359588623,0.2,258.86,0.01395258,-0.013268314651213586,0.0003,1.002018690109253,6.844376400113106,0.5506249666213989,16.853027
65024,218,297,254,7440,0.205859375,-14.076705527305602,2.8233847618103027,0.2,258.86,0.02019267,-0.017849757266230882,0.0003,1.002776861190796,4.608537930250168,0.03277301788330078,16.853027
65280,218,298,255,7450,0.19375,-14.075209617614746,-0.011364694684743881,0.2,252.4,0.017226484,-0.027475566463544966,0.0003,1.0007251501083374,0.18387449700385333,0.9660999737679958,16.630756
65536,218,299,256,7460,0.086328125,-14.054400658607483,2.006441116333008,0.2,250.21,0.0116875805,-0.012757126241922379,0.0003,1.0004303455352783,10.052075326442719,0.1251136064529419,16.45861
65792,218,301,257,7470,0.277734375,-14.066242003440857,0.8758435845375061,0.2,250.32,0.020337764,-0.028128704358823597,0.0003,1.003004550933838,2.467847838997841,-0.1701580286026001,16.507427
66048,218,302,258,7480,0.124609375,-14.078578662872314,0.04052438586950302,0.2,250.32,0.011974379,-0.01867082582321018,0.0003,1.0030021667480469,0.8491793725639581,0.8470686674118042,16.507427
66304,218,303,259,7490,0.103125,-14.073102879524232,0.011266479268670082,0.2,250.43,0.012697616,-0.013035109755583108,0.0003,1.0036765336990356,0.28049712888896466,0.9661765061318874,16.591894
66560,218,304,260,7500,0.21796875,-14.086788988113403,0.044136762619018555,0.2,248.76,0.020238154,-0.03059944787528366,0.0003,1.005965232849121,0.38442273139953614,0.9464324451982975,15.43461
66816,218,305,261,7510,0.101953125,-14.109385085105895,2.269602060317993,0.2,239.97,0.01066469,-0.016571789246518163,0.0003,1.0069698095321655,6.807333570718765,0.4002910852432251,14.558868
67072,218,306,262,7520,0.13046875,-14.116000699996949,3.0468194484710693,0.2,234.55,0.016066045,-0.017623110301792623,0.0003,1.0076777935028076,6.8378299355506895,-0.01904916763305664,14.251029
67328,218,308,263,7530,0.178125,-14.125108671188354,1.3801252841949463,0.2,231.75,0.022252422,-0.020389049174264075,0.0003,1.0085452795028687,4.5580445528030396,-0.03865528106689453,14.0117
67584,218,309,264,7540,0.20859375,-14.131667065620423,0.9315412640571594,0.2,232.39,0.023127448,-0.022268603974953293,0.0003,1.0090951919555664,1.8249736338853837,0.7195436358451843,12.933231
67840,218,310,265,7550,0.213671875,-14.130270528793336,0.47412097454071045,0.2,232.13,0.012719009,-0.015634084679186346,0.0003,1.0095769166946411,2.7379187628626824,-0.14207673072814941,12.879965
68096,218,311,266,7560,0.08359375,-14.137074851989746,0.0698167085647583,0.2,232.81,0.010515473,-0.009848428959958255,0.0003,1.0108542442321777,0.6043156534433365,0.7377726137638092,12.938984
68352,218,312,267,7570,0.17734375,-14.13772714138031,0.04714318364858627,0.2,232.81,0.01280255,-0.02055120994336903,0.0003,1.0093319416046143,0.3615052026696503,0.9508486241102219,12.938984
68608,218,313,268,7580,0.212890625,-14.109651684761047,0.0038995128124952316,0.2,234.09,0.014952327,-0.022799465409480035,0.0003,1.005446434020996,0.2849778551608324,0.9626260064542294,11.942789
68864,218,315,269,7590,0.221484375,-14.070529913902282,1.6050113439559937,0.2,234.78,0.011344745,-0.019769556634128094,0.0003,1.0019481182098389,3.1738436102867125,0.5722603797912598,11.961975
69120,218,316,270,7600,0.166015625,-14.049001216888428,0.1422083079814911,0.2,234.89,0.017858703,-0.025485753919929265,0.0003,1.0011365413665771,0.5258600257337094,0.8201972395181656,12.042584
69376,218,317,271,7610,0.141796875,-14.04724099636078,0.052057523280382156,0.2,236.04,0.012466675,-0.015840482793282717,0.0003,1.0020581483840942,0.30088209453970194,0.9579972848296165,12.136226
69632,218,318,272,7620,0.1421875,-14.052183389663696,0.015897121280431747,0.2,236.04,0.018895064,-0.01677241256693378,0.0003,1.0026270151138306,0.6447553327307105,0.7841727882623672,12.136226
69888,218,319,273,7630,0.209765625,-14.040583395957947,-0.027795227244496346,0.2,238.67,0.019405678,-0.026165939518250525,0.0003,0.9983248710632324,0.1260427582077682,0.9144017174839973,11.1641655
70144,218,320,274,7640,0.205859375,-14.004927325248719,0.06032737344503403,0.2,238.42,0.027363967,-0.021185282699298112,0.0003,0.9970394372940063,0.26915792003273964,0.9645999185740948,11.14455
70400,218,322,275,7650,0.190625,-14.009281349182128,0.03413742035627365,0.2,235.32,0.017976679,-0.02574059002799913,0.0003,0.9983047246932983,0.20443390901200473,0.9714642912149429,12.013392
70656,218,323,276,7660,0.017578125,-14.016690564155578,123.26786041259766,0.2,235.58,0.005166623,-0.001968487724661827,0.0003,0.9986578226089478,304.6331621170044,0.11511808633804321,11.991903
70912,218,324,277,7670,0.178515625,-14.019658756256103,-0.01077105849981308,0.2,234.53,0.014626784,-0.026033674483187497,0.0003,0.9992709159851074,0.3683485943824053,0.959497258067131,11.749157
71168,218,325,278,7680,0.20078125,-14.024616575241089,-0.019186504185199738,0.2,231.99,0.01978618,-0.021287071495316924,0.0003,1.0007812976837158,0.20024779313243926,0.9847011836245656,12.757971
71424,218,326,279,7690,0.008984375,-14.035517573356628,128.71246337890625,0.2,231.92,0.0034450798,-0.000943447113968432,0.0003,1.000885248184204,270.4027404785156,0.07205110788345337,12.78196
71680,218,327,280,7700,0.194921875,-14.032694149017335,0.050714995712041855,0.2,231.66,0.022883698,-0.02622078759595752,0.0003,1.000618577003479,0.565854424610734,0.9728336110711098,12.706347
71936,218,328,281,7710,0.223046875,-14.034535527229309,0.11131396889686584,0.2,229.11,0.021720864,-0.023532888968475163,0.0003,1.0006145238876343,0.45314321517944334,0.9484839029610157,12.6318
72192,218,330,282,7720,0.150390625,-14.035589504241944,217.4832305908203,0.2,224.02,0.013027105,-0.009923095745034517,0.0003,1.0005066394805908,257.2009205818176,0.14695894718170166,13.501362
72448,218,331,283,7730,0.04296875,-14.034282994270324,150.60455322265625,0.2,224.85,0.009367758,-0.015189242945052684,0.0003,1.0002473592758179,233.8314866065979,0.2519546151161194,13.55914
72704,218,332,284,7740,0.075390625,-14.037882161140441,0.11868157237768173,0.2,227.44,0.009314067,-0.012123698764480651,0.0003,1.002626657485962,1.1771661300212144,0.8206916749477386,12.621258
72960,218,333,285,7750,0.15,-14.060484552383423,0.0939512699842453,0.2,228.73,0.023777045,-0.026665824512019754,0.0003,1.0029371976852417,1.2717695817351342,0.8319831788539886,11.547739
73216,218,334,286,7760,0.1140625,-14.05697841644287,1.7419121265411377,0.2,227.61,0.017704032,-0.012520000338554382,0.0003,1.0022863149642944,6.21849644780159,0.45958465337753296,11.254024
73472,218,335,287,7770,0.208984375,-14.044469475746155,0.004042716696858406,0.2,228.95,0.01903653,-0.025749721052125096,0.0003,1.000299096107483,0.20887172725051642,0.9412836618721485,11.325469
73728,218,337,288,7780,0.166796875,-14.029393339157105,0.0215575210750103,0.2,228.95,0.01267861,-0.019203469960484654,0.0003,1.000229835510254,0.15964356157928705,0.9687214717268944,11.325469
73984,218,338,289,7790,0.164453125,-14.025893497467042,-0.007745973765850067,0.2,229.82,0.013794505,-0.014861841360107065,0.0003,0.9998551607131958,0.09787057852372527,0.9859471591189504,11.424827
74240,218,339,290,7800,0.239453125,-13.997844791412353,0.016718659549951553,0.2,227.98,0.01900761,-0.02844546746928245,0.0003,0.9945645332336426,0.09693872313946486,0.9772478453814983,12.762019
74496,218,340,291,7810,0.065234375,-13.956715965270996,88.24195861816406,0.2,226.44,0.010211952,-0.011409321310929954,0.0003,0.9932495355606079,298.42935962677,0.14635354280471802,12.6695175
74752,218,341,292,7820,0.107421875,-13.952523636817933,4.622652530670166,0.2,227.36,0.014273775,-0.019917869777418672,0.0003,0.9932228326797485,10.658430457115173,0.26938068866729736,13.803592
75008,218,342,293,7830,0.0015625,-13.950392389297486,60.53082275390625,0.2,227.36,0.0029308267,-0.00316116304602474,0.0003,0.9931300282478333,245.70972194671631,0.26548224687576294,13.803592
75264,218,344,294,7840,0.163671875,-13.95225749015808,0.26874980330467224,0.2,227.21,0.017688008,-0.02680279267951846,0.0003,0.9939901232719421,3.282774990797043,0.6299610733985901,13.726648
75520,218,345,295,7850,0.09375,-13.965512537956238,0.038969118148088455,0.2,223.48,0.014052397,-0.010498435772024094,0.0003,0.9952556490898132,0.6509535470977426,0.8092790842056274,13.187331
75776,218,346,296,7860,0.10859375,-13.977489447593689,0.5807347297668457,0.2,220.94,0.012992255,-0.010930579341948032,0.0003,0.9959554672241211,3.3201779782772065,0.5232246220111847,13.074776
76032,218,347,297,7870,0.158203125,-13.979096174240112,0.0338834747672081,0.2,217.54,0.020268243,-0.019642735295929015,0.0003,0.9942563772201538,1.5120852906256914,0.2723339796066284,11.774196
76288,218,348,298,7880,0.09765625,-13.961621570587159,2.466336727142334,0.2,214.95,0.019148618,-0.018180056754499675,0.0003,0.9932092428207397,8.940658390522003,0.5998827517032623,10.460144
76544,218,349,299,7890,0.032421875,-13.957015371322631,172.2758026123047,0.2,215.01,0.010138961,-0.00814903697464615,0.0003,0.9926984906196594,335.98452711105347,0.0004971623420715332,10.43851
76800,218,351,300,7900,0.180859375,-13.953448677062989,0.01590259000658989,0.2,212.55,0.020900711,-0.022669730242341757,0.0003,0.9923349618911743,0.6300055742263794,0.8948980793356895,10.295893
77056,218,352,301,7910,0.244140625,-13.945083665847779,1.1589106321334839,0.2,205.11,0.016192064,-0.024597969721071422,0.0003,0.990720272064209,1.5722057558596134,0.453066349029541,9.7802305
77312,218,353,302,7920,0.133203125,-13.932548904418946,3.0653624534606934,0.2,203.93,0.018008366,-0.016756828920915724,0.0003,0.9900209307670593,8.72317349910736,0.19054293632507324,9.553546
77568,218,354,303,7930,0.105078125,-13.930938148498536,0.05887690186500549,0.2,200.98,0.009323966,-0.017113031155895443,0.0003,0.9900113940238953,0.7629471488296986,0.8480790555477142,9.838505
77824,218,355,304,7940,0.0796875,-13.935977435112,1.520425796508789,0.2,200.98,0.0072724367,-0.01276923380792141,0.0003,0.991258978843689,5.196446079015732,0.10881572961807251,9.838505
78080,218,356,305,7950,0.16875,-13.948355746269225,0.06275636702775955,0.2,195.97,0.009801219,-0.01697684987448156,0.0003,0.9916311502456665,0.8767852891236544,0.9232093989849091,8.306326
78336,218,358,306,7960,0.116796875,-13.942905020713805,2.173936605453491,0.2,195.97,0.011392139,-0.01494261552579701,0.0003,0.9913907051086426,4.344541615247726,0.4227673411369324,8.306326
78592,218,359,307,7970,0.219921875,-13.94802987575531,-0.017696017399430275,0.2,193.24,0.01505842,-0.025932276737876236,0.0003,0.9932975769042969,0.46800046116113664,0.9110251665115356,7.9661345
78848,218,360,308,7980,0.196484375,-13.962656569480895,0.420515239238739,0.2,194.03,0.023156881,-0.02037832364439964,0.0003,0.993695080280304,1.9134275749325753,0.6808265149593353,6.8660717
79104,218,361,309,7990,0.2859375,-13.962388372421264,0.601148784160614,0.2,193.45,0.024691148,-0.02590712938690558,0.0003,0.9934953451156616,1.9964591547846795,0.7002762854099274,6.7728596
79360,218,362,310,8000,0.262109375,-13.96578106880188,-0.029179152101278305,0.2,185.09,0.017033868,-0.032797516277059915,0.0003,0.9933233261108398,0.11627717148512602,0.9796940870583057,7.284012
79616,218,363,311,8010,0.037890625,-13.96758131980896,114.4254150390625,0.2,183.03,0.009352654,-0.008482938003726303,0.0003,0.9931690096855164,355.6667003631592,-0.016362667083740234,7.153924
79872,218,365,312,8020,0.283203125,-13.973986029624939,0.07420480251312256,0.2,182.4,0.026246924,-0.019961451110430063,0.0003,0.9944855570793152,2.5379593044519426,0.3931119441986084,7.0312486
80128,218,366,313,8030,0.186328125,-13.974798798561096,0.09808684885501862,0.2,181.94,0.016074695,-0.022226540464907886,0.0003,0.9916403889656067,0.22986434921622276,0.9564386643469334,6.959686
80384,218,367,314,8040,0.206640625,-13.957332372665405,0.04786098003387451,0.2,181.5,0.01770683,-0.02240871163085103,0.0003,0.9919379353523254,0.1286839463748038,0.9835782181471586,6.8428936
80640,218,368,315,8050,0.15859375,-13.967442870140076,0.009510539472103119,0.2,182.39,0.012054083,-0.01824954606126994,0.0003,0.9929240345954895,0.31811490780673923,0.8986326977610588,6.880163
80896,218,369,316,8060,0.2328125,-13.973782181739807,-0.011830907315015793,0.2,181.71,0.021436404,-0.028167608147487044,0.0003,0.993355929851532,0.16270341631025076,0.9600856378674507,6.7578797
81152,218,370,317,8070,0.26328125,-13.980475258827209,-0.011752210557460785,0.2,181.24,0.026634138,-0.029988746007438748,0.0003,0.9947064518928528,0.10291059236042202,0.9827011898159981,6.64347
81408,218,371,318,8080,0.205078125,-13.97786362171173,0.026267297565937042,0.2,180.45,0.014709858,-0.025252729817293585,0.0003,0.9915204048156738,0.10339256851002573,0.9820382874459028,6.4713697
81664,218,373,319,8090,0.230078125,-13.95689036846161,-0.0448417067527771,0.2,182.65,0.017823378,-0.027397450647549705,0.0003,0.9921096563339233,0.10367550277151168,0.9836565889418125,5.399895
81920,218,374,320,8100,0.240234375,-13.973417448997498,-0.003878377377986908,0.2,182.08,0.022468895,-0.027319102257024497,0.0003,0.9942581057548523,0.1049432902596891,0.981446884572506,5.2874846
82176,218,375,321,8110,0.19765625,-13.998397970199585,-0.024402493610978127,0.2,181.24,0.011682533,-0.0253650086466223,0.0003,0.9968329668045044,0.05812328089959919,0.990576178766787,5.1095366
82432,218,376,322,8120,0.2296875,-14.021827673912048,-0.02658820152282715,0.2,180.42,0.013425379,-0.024161863746121524,0.0003,0.9981968998908997,0.07147408660966903,0.9869287712499499,4.929585
82688,218,377,323,8130,0.238671875,-14.024358892440796,-0.015082160010933876,0.2,181.63,0.016137931,-0.0312877235468477,0.0003,0.9981592297554016,0.058888017758727075,0.9918799418956041,4.959331
82944,218,378,324,8140,0.219140625,-14.02623541355133,-0.03378666192293167,0.2,182.4,0.020763783,-0.021106147556565702,0.0003,0.9992296099662781,0.07225905542727559,0.9786292295902967,4.941487
83200,218,380,325,8150,0.22265625,-14.027973747253418,-0.006836609914898872,0.2,181.39,0.014374019,-0.021925671078497543,0.0003,0.9993206262588501,0.05557704023085534,0.9851687652990222,4.779424
83456,218,381,326,8160,0.163671875,-14.028838968276977,-0.021098876371979713,0.2,181.39,0.014522668,-0.024315070954617112,0.0003,0.9998065233230591,0.03235052130185068,0.9933684123679996,4.779424
83712,218,382,327,8170,0.2578125,-14.042147469520568,-0.020844684913754463,0.2,183.03,0.0152190905,-0.02824871689081192,0.0003,1.0035218000411987,0.013242880848702043,0.9945715111680329,4.8257422
83968,218,383,328,8180,0.14453125,-14.079649448394775,1.0040119886398315,0.2,184.94,0.019914273,-0.020121825858950615,0.0003,1.0067678689956665,3.838336431980133,0.2701978087425232,4.850204
84224,218,384,329,8190,0.27109375,-14.103950142860413,-0.06006984785199165,0.2,186.35,0.022723928,-0.034883805783465505,0.0003,1.0080950260162354,0.00994197604013607,0.9974869410507381,4.854619
84480,218,385,330,8200,0.153125,-14.1109543800354,-0.03789082169532776,0.2,185.52,0.0146095995,-0.02092143436893821,0.0003,1.0074843168258667,0.032652888679876924,0.9941507368348539,4.6549783
84736,218,386,331,8210,0.145703125,-14.106741189956665,0.00035191047936677933,0.2,181.81,0.014612337,-0.01407081661745906,0.0003,1.0076887607574463,0.06890249678399414,0.9509571418166161,5.3377776
84992,218,388,332,8220,0.091796875,-14.115715265274048,151.96188354492188,0.2,182.53,0.0126806665,-0.01069084827322513,0.0003,1.0084338188171387,325.69524059295657,0.062285661697387695,7.5059886
85248,218,389,333,8230,0.0,-14.118399453163146,180.31761169433594,0.2,184.09,0.00043443777,-0.0018769480753690003,0.0003,1.0083959102630615,628.4759162902832,0.04638946056365967,8.637505
85504,218,390,334,8240,0.0,-14.116769647598266,159.2027130126953,0.2,185.94,0.001123541,-0.002923071407712996,0.0003,1.0081775188446045,300.07893466949463,0.20513993501663208,8.643883
85760,218,391,335,8250,0.125390625,-14.119430875778198,0.12031766027212143,0.2,188.09,0.012819545,-0.017512066615745427,0.0003,1.009902834892273,0.8103006053715944,0.975578960031271,8.668174
86016,218,392,336,8260,0.200390625,-14.131839990615845,0.06970400363206863,0.2,185.44,0.015308152,-0.027457092329859732,0.0003,1.0091931819915771,0.49946747776120903,0.9429991394281387,8.124757
86272,218,393,337,8270,0.047265625,-14.12425138950348,34.40155792236328,0.2,187.32,0.009749457,-0.012638474442064762,0.0003,1.0085296630859375,80.39169998168946,-0.10772895812988281,8.140709
86528,218,395,338,8280,0.1421875,-14.128717708587647,0.017158053815364838,0.2,188.61,0.01055554,-0.023566427920013667,0.0003,1.010068416595459,0.15149426902644336,0.9563156105577946,8.113228
86784,218,396,339,8290,0.2625,-14.141968631744385,-0.028158878907561302,0.2,182.43,0.023831565,-0.03135593221522868,0.0003,1.0114104747772217,0.10088644158095121,0.9775896482169628,9.873535
87040,218,397,340,8300,0.003515625,-14.150849652290344,273.9922790527344,0.2,184.17,0.0036246593,-0.008589527232106774,0.0003,1.0114864110946655,643.1484642028809,0.019257545471191406,9.910801
87296,218,398,341,8310,0.12578125,-14.150359582901,0.03001098521053791,0.2,183.6,0.012891065,-0.019784041272941977,0.0003,1.010982871055603,0.5197913317009807,0.9619675353169441,9.796996
87552,218,399,342,8320,0.217578125,-14.145419073104858,-0.025594066828489304,0.2,183.17,0.018132538,-0.03512968411669135,0.0003,1.0089263916015625,0.1494787969160825,0.9716063924133778,9.703276
87808,218,401,343,8330,0.165234375,-14.134305167198182,-0.023286491632461548,0.2,182.67,0.014932545,-0.024676155927591027,0.0003,1.008751392364502,0.09260372035205364,0.9828683864325285,9.58634
88064,218,402,344,8340,0.159765625,-14.138662385940552,-0.003997206687927246,0.2,177.13,0.01847111,-0.022973266325425356,0.0003,1.008975863456726,0.17755449537653475,0.9343238845467567,10.344177
88320,218,403,345,8350,0.0171875,-14.139670491218567,48.41508483886719,0.2,174.17,0.0059460523,-0.00606603710912168,0.0003,1.0090516805648804,322.1723138809204,0.08080703020095825,9.698553
88576,218,404,346,8360,0.0265625,-14.139742112159729,209.5111083984375,0.2,174.17,0.007599592,-0.006280557322315872,0.0003,1.0090006589889526,406.201753616333,0.06556969881057739,9.698553
88832,218,405,347,8370,0.16875,-14.1388751745224,0.08495943248271942,0.2,168.78,0.010302401,-0.022517267032526433,0.0003,1.0091484785079956,0.5244442895054817,0.933063805103302,10.012542
89088,218,406,348,8380,0.004296875,-14.140595102310181,369.96795654296875,0.2,170.91,0.0023131298,-0.0010942648048512637,0.0003,1.0092213153839111,700.3656768798828,0.03770202398300171,10.024893
89344,218,408,349,8390,0.13671875,-14.140360403060914,0.17645993828773499,0.2,172.67,0.014250882,-0.020908909291028975,0.0003,1.0091803073883057,0.48814649395644666,0.9746043458580971,10.03613
89600,218,409,350,8400,0.001953125,-14.139896368980407,213.1329803466797,0.2,174.84,0.0032214506,-0.0018322546733543278,0.0003,1.0089919567108154,280.6399726867676,0.2013835906982422,8.941156
89856,218,410,351,8410,0.129296875,-14.135423183441162,0.22680003941059113,0.2,174.14,0.011208739,-0.023558218614198267,0.0003,1.0081292390823364,1.103329423069954,0.9706349894404411,8.810188
90112,218,411,352,8420,0.221875,-14.11842110157013,0.12415215373039246,0.2,173.72,0.015750809,-0.028812858113087713,0.0003,1.005570650100708,0.4117868609726429,0.9699906930327415,8.664118
90368,218,412,353,8430,0.176953125,-14.086611819267272,0.14435763657093048,0.2,174.77,0.018953513,-0.02611232337076217,0.0003,1.0020135641098022,0.6813851810991765,0.9276803955435753,8.646597
90624,218,413,354,8440,0.218359375,-14.058804726600647,0.07418595254421234,0.2,171.65,0.016023533,-0.02390538698527962,0.0003,1.0013378858566284,0.28948803469538686,0.957421749830246,8.410985
90880,218,415,355,8450,0.1265625,-14.066154527664185,0.8065201044082642,0.2,171.04,0.020161264,-0.015854631434194744,0.0003,1.0028928518295288,2.917665681242943,0.5374442040920258,8.276146
91136,218,416,356,8460,0.178515625,-14.074843883514404,-0.026066746562719345,0.2,170.48,0.018137386,-0.025198102439753713,0.0003,1.0030568838119507,0.07621719045564532,0.9881923347711563,8.138693
91392,218,417,357,8470,0.09453125,-14.070091652870179,-0.02048041857779026,0.2,172.57,0.010348055,-0.01707459434401244,0.0003,1.003255844116211,0.07004270448815078,0.9772741589695215,8.163128
91648,218,418,358,8480,0.1609375,-14.073833680152893,-0.027942366898059845,0.2,174.75,0.016655812,-0.020769172185100614,0.0003,1.0028328895568848,0.1151756134815514,0.9540220908820629,7.061972
91904,218,419,359,8490,0.308984375,-14.059547615051269,-0.0327201709151268,0.2,176.42,0.029374797,-0.02948827933287248,0.0003,1.000675082206726,0.027923033083789052,0.9905129410326481,7.0817637
92160,218,420,360,8500,0.187890625,-14.040593004226684,-0.01207706332206726,0.2,178.42,0.0124458885,-0.027783445070963354,0.0003,0.9988352656364441,0.0477462358539924,0.9806312192231417,7.0762153
92416,218,422,361,8510,0.093359375,-14.029576969146728,-0.019053593277931213,0.2,179.76,0.0097609395,-0.011102442163974047,0.0003,0.9988495707511902,0.03285598328802734,0.981413584202528,7.0508885
92672,218,423,362,8520,0.245703125,-14.022725892066955,-0.048771683126688004,0.2,179.41,0.01923562,-0.03330616895109415,0.0003,0.9969104528427124,0.028527549654245376,0.990159697830677,6.979012
92928,218,424,363,8530,0.2140625,-14.007556891441345,-0.014243206940591335,0.2,181.71,0.012839336,-0.026516389660537244,0.0003,0.9960801005363464,0.12030154685489833,0.9488887190818787,5.9052067
93184,218,425,364,8540,0.221484375,-14.009929656982422,-0.03967668116092682,0.2,178.93,0.01723041,-0.025384908355772496,0.0003,0.9969581365585327,0.03449625330977142,0.9880950879305601,6.8787575
93440,218,426,365,8550,0.1203125,-14.0125648021698,178.2928924560547,0.2,179.92,0.014397685,-0.014141818857751787,0.0003,0.9969103932380676,310.11611461639404,0.034067392349243164,6.758518
93696,218,427,366,8560,0.22734375,-14.013574934005737,0.009625609964132309,0.2,179.46,0.023970226,-0.03206817051395774,0.0003,0.9979475140571594,0.5009218531660735,0.9533239901065826,7.8516927
93952,218,429,367,8570,0.00625,-14.02697696685791,134.46807861328125,0.2,179.31,0.004305049,-0.0035045990953221917,0.0003,0.998792290687561,306.5468047142029,0.0898512601852417,7.8049006
94208,218,430,368,8580,0.25390625,-14.028134202957153,-0.005665430799126625,0.2,180.76,0.024158012,-0.030322562693618237,0.0003,0.9983364343643188,0.44226719038560985,0.9281157478690147,10.010632
94464,218,431,369,8590,0.00703125,-14.027402973175048,229.000244140625,0.2,182.67,0.0022279383,-0.0025533925741910934,0.0003,0.9984143972396851,594.888597869873,0.13979566097259521,9.594933
94720,218,432,370,8600,0.00703125,-14.028034806251526,17.654020309448242,0.2,184.94,0.0050048083,-0.011301973403897136,0.0003,0.9984404444694519,101.49016208648682,-0.1343933343887329,8.509525
94976,218,433,371,8610,0.18359375,-14.021022653579712,0.010932527482509613,0.2,184.35,0.013085974,-0.02009598966687918,0.0003,0.9963477253913879,0.21112606571987272,0.959302082657814,8.352013
95232,218,434,372,8620,0.213671875,-14.003784990310669,-0.013387417420744896,0.2,186.83,0.018310294,-0.02861836296506226,0.0003,0.9959441423416138,0.1727788302116096,0.9821309726685286,8.43916
95488,218,436,373,8630,0.126171875,-14.002098894119262,-0.004001498222351074,0.2,186.83,0.015802916,-0.020416172710247336,0.0003,0.9957817196846008,0.2728338744491339,0.9046310633420944,8.43916
95744,218,437,374,8640,0.198828125,-14.000385665893555,-0.034550268203020096,0.2,186.51,0.017658088,-0.033006070158444346,0.0003,0.996111273765564,0.1529042249545455,0.9486110769212246,8.315031
96000,218,438,375,8650,0.1828125,-13.998375844955444,-0.013165445066988468,0.2,188.98,0.016821645,-0.030617358745075762,0.0003,0.9951878786087036,0.09034071289934217,0.9536720849573612,8.32762
96256,218,439,376,8660,0.220703125,-13.99728603363037,-0.02222036011517048,0.2,192.45,0.019298576,-0.024819855741225184,0.0003,0.9957832098007202,0.16294942693784834,0.9550058729946613,8.288512
96512,218,440,377,8670,0.1828125,-14.013866972923278,0.006408547982573509,0.2,191.99,0.01581902,-0.02010488691739738,0.0003,0.999049961566925,0.0816033123061061,0.9780449494719505,8.140806
96768,218,441,378,8680,0.233984375,-14.044731426239014,-0.05207788571715355,0.2,191.99,0.022615474,-0.035037603694945574,0.0003,1.001524806022644,0.02531348802149296,0.9929668246768415,8.140806
97024,218,443,379,8690,0.20859375,-14.060596919059753,-0.03375711664557457,0.2,193.73,0.01874586,-0.022066847374662756,0.0003,1.0008649826049805,0.0632421821122989,0.97081683203578,8.150345
97280,218,444,380,8700,0.14609375,-14.05501139163971,0.5697513222694397,0.2,195.54,0.015445719,-0.01952232898911461,0.0003,1.0017179250717163,2.155532941222191,0.4331090450286865,8.130165
97536,218,445,381,8710,0.21640625,-14.071763229370116,-0.02776731178164482,0.2,194.94,0.015019545,-0.027428593195509166,0.0003,1.0035055875778198,0.03850427977740765,0.9839156139642,7.999283
97792,218,446,382,8720,0.31328125,-14.090174841880799,-0.07075820863246918,0.2,196.88,0.03698694,-0.04627459589391947,0.0003,1.006463885307312,0.02587621696293354,0.9924636809155345,9.092698
98048,218,447,383,8730,0.06171875,-14.108449554443359,115.40303039550781,0.2,198.67,0.00836441,-0.007717634155414999,0.0003,1.0070523023605347,347.3204187393188,0.05824035406112671,9.103776
98304,218,448,384,8740,0.246875,-14.109728455543518,-0.012617409229278564,0.2,198.48,0.018941175,-0.028278435161337257,0.0003,1.0066641569137573,0.10334012070670724,0.9793693460524082,9.034666
98560,218,450,385,8750,0.144921875,-14.104688596725463,-0.008615579456090927,0.2,198.52,0.014575179,-0.02096602306701243,0.0003,1.007108211517334,0.08512805071659386,0.9741991199553013,8.597449
98816,218,451,386,8760,0.040234375,-14.108844923973084,47.242733001708984,0.2,198.52,0.00926467,-0.0053644835599698125,0.0003,1.0071810483932495,79.00106246471405,-0.09591436386108398,8.597449
99072,218,452,387,8770,0.198046875,-14.11028082370758,-0.00995820201933384,0.2,200.69,0.022063084,-0.028996221721172333,0.0003,1.0076639652252197,0.062131424457766114,0.973289005458355,8.615599
99328,219,453,388,8780,0.209375,-14.110289549827575,-0.007706336677074432,0.2,200.45,0.014257363,-0.030892875546123834,0.0003,1.0073045492172241,0.13467626702040433,0.9180577397346497,8.534441
99584,219,454,389,8790,0.22421875,-14.108152079582215,0.01606881618499756,0.2,202.34,0.01546772,-0.022011898935306817,0.0003,1.0074241161346436,0.20779070798307658,0.9394730478525162,8.5963955
99840,219,455,390,8800,0.23203125,-14.11003201007843,-0.020771872252225876,0.2,204.18,0.02030431,-0.03599858330562711,0.0003,1.0071152448654175,0.05785336503759027,0.979794304817915,7.4714184
100096,219,457,391,8810,0.083984375,-14.10879909992218,1.7191921472549438,0.2,203.4,0.011396907,-0.016986699891276658,0.0003,1.0074855089187622,2.6761073544621468,0.328355073928833,8.4789915
